{"cameraMode":{"drawMode":0,"name":"Shaded","section":"Shading Mode"},"sceneLighting":true,"audioPlay":false,"sceneViewState":{"showFog":true,"showMaterialUpdate":false,"showSkybox":true,"showFlares":true,"showImageEffects":true,"showParticleSystems":true},"in2DMode":false,"pivot":{"x":-38.00879669189453,"y":-21.90227699279785,"z":7.063119888305664},"rotation":{"x":0.22532756626605988,"y":-0.5865724682807922,"z":0.17433735728263856,"w":0.7581344842910767},"size":60.81462478637695,"orthographic":false}