{"cameraMode":{"drawMode":0,"name":"Shaded","section":"Shading Mode"},"sceneLighting":true,"audioPlay":false,"sceneViewState":{"showFog":true,"showMaterialUpdate":false,"showSkybox":true,"showFlares":true,"showImageEffects":true,"showParticleSystems":true},"in2DMode":false,"pivot":{"x":-1.3059360980987549,"y":-22.312164306640626,"z":39.05485153198242},"rotation":{"x":0.30639025568962099,"y":-4.29840213200805e-7,"z":3.993019959125377e-7,"w":0.9519071578979492},"size":60.81462478637695,"orthographic":false}